"","day8"
"1","1-aminocyclopropane-1-carboxylate oxidase35"
"2","27-kDa zein protein"
"3","ABC family1"
"4","abscisic acid 8'-hydroxylase1"
"5","ADP glucose pyrophosphorylase large subunit leaf1AGPL4"
"6","agrr21"
"7","alanine amino transferase8"
"8","aldehyde oxidase4"
"9","amylose extender1"
"10","argonaute101"
"11","asparagine synthetase3"
"12","aspartate kinase homoserine dehydrogenase2"
"13","autophagy1a"
"14","Aux/IAA-transcription factor 20"
"15","Aux/IAA-transcription factor 23"
"16","Aux/IAA-transcription factor 24"
"17","Aux/IAA-transcription factor 30"
"18","Aux/IAA-transcription factor 7"
"19","Aux/IAA-transcription factor 9"
"20","barley mlo defense gene homolog1"
"21","barren inflorescence1"
"22","beta expansin8"
"23","brachytic2"
"24","brittle endosperm1"
"25","brittle endosperm2"
"26","BSD-transcription factor 9"
"27","calcineurin B-like2-Zm00001d038730"
"28","calcium dependent protein kinase3"
"29","calcium pump3"
"30","carbonic anhydrase6"
"31","cell wall invertase1"
"32","chitinase B1"
"33","corn-activated Hageman factor inhibitor1"
"34","csu173"
"35","cyclin10"
"36","cyclin11"
"37","cytokinin inducible protease1"
"38","cytokinin N-glucosyl transferase1"
"39","cytokinin oxidase12"
"40","dehydrin13"
"41","deoxy xylulose synthase3"
"42","DMAS1"
"43","elongated mesocotyl1"
"44","farnesyl pyrophosphate synthase1"
"45","fasciated ear3"
"46","flower-specific gamma-thionin1"
"47","gibberellin responsive3"
"48","globulin3"
"49","glossy13"
"50","glutamate-oxaloacetate transaminase2"
"51","glutathione transferase42"
"52","glutathione transporter1"
"53","GNAT-transcription factor 43"
"54","GNAT-transcription factor 6"
"55","goliath1"
"56","GRMZM2G077034"
"57","GRMZM2G359322"
"58","heat shock protein1"
"59","heat shock protein18f"
"60","heat shock protein22"
"61","hemoglobin1"
"62","HMG-transcription factor 3"
"63","homogentisate geranylgeranyl transferase1"
"64","indol-3-ylacetyl glucosyl transferase1"
"65","kinesin-related protein15"
"66","legumin1"
"67","lethal embryo mutant1"
"68","light harvesting chlorophyll a/b binding protein1"
"69","LIM-transcription factor 12"
"70","lipoxygenase10"
"71","lipoxygenase3"
"72","lipoxygenase6"
"73","magnesium transporter12"
"74","malate dehydrogenase6"
"75","MAP kinase kinase kinase55"
"76","math-btb23"
"77","math-btb25"
"78","methyl binding domain123"
"79","mouse DNA EBV homolog1"
"80","nitrilase2"
"81","nucleic acid binding protein1"
"82","orange pericarp1"
"83","oxo-glutarate/malate transporter1"
"84","pathogenesis-related protein7"
"85","pentatricopeptide repeat53"
"86","peroxidase35"
"87","phosphate transporter3"
"88","phosphatidylethanolamine-binding protein11"
"89","phosphoenolpyruvate carboxykinase homolog2"
"90","phosphoenolpyruvate carboxylase4"
"91","phosphoglucomutase1"
"92","phospholipid transfer protein homolog1"
"93","photosystemI1"
"94","photosystemI3"
"95","php20608a"
"96","PIN-formed protein1"
"97","PIN-formed protein11"
"98","plasma membrane intrinsic protein2-Zm00001d003006"
"99","plasma membrane intrinsic protein2-Zm00001d019563"
"100","plastid transcriptionally active chromosome 12 homolog"
"101","porin1"
"102","profilin homolog2"
"103","prohibitin3"
"104","proteolipid membrane potential regulator5"
"105","pyruvate decarboxylase2"
"106","pyruvate, orthophosphate dikinase1"
"107","respiratory burst oxidase1"
"108","Rho-related protein from plants 3"
"109","Rho-related protein from plants 8"
"110","RNA binding protein 1"
"111","Rubisco Assembly Factor 1"
"112","salmon silks1"
"113","shrunken1"
"114","shrunken2"
"115","small basic membrane intrinsic protein1b"
"116","snoF1-F2-ENSRNA049459930"
"117","snoR137"
"118","snoR143-ENSRNA049471654"
"119","snoR2-ENSRNA049466664"
"120","snoR74-ENSRNA049476173"
"121","snoZ112-ENSRNA049465449"
"122","snoZ43-ENSRNA049477485"
"123","SnRK2 serine threonine kinase10"
"124","SnRK2 serine threonine protein kinase2"
"125","starch branching enzyme1"
"126","starch branching enzyme3"
"127","starch phoshorylase2"
"128","starch phosphorylase1"
"129","starch synthase I"
"130","starch synthase5"
"131","sucrose synthase1"
"132","sugars will eventually be exported transporter14a"
"133","sugars will eventually be exported transporter14b"
"134","sugars will eventually be exported transporter15a"
"135","sugars will eventually be exported transporter15b"
"136","sugars will eventually be exported transporter2"
"137","sugary1"
"138","sugary2"
"139","tasselless1"
"140","TF-ABI3-VP1-transcription factor 19"
"141","TF-ABI3-VP1-transcription factor 32"
"142","TF-AP2-EREBP-transcription factor 102"
"143","TF-AP2-EREBP-transcription factor 117"
"144","TF-AP2-EREBP-transcription factor 149"
"145","TF-AP2-EREBP-transcription factor 167"
"146","TF-AP2-EREBP-transcription factor 17"
"147","TF-AP2-EREBP-transcription factor 173"
"148","TF-AP2-EREBP-transcription factor 179"
"149","TF-AP2-EREBP-transcription factor 197"
"150","TF-AP2-EREBP-transcription factor 4"
"151","TF-AP2-EREBP-transcription factor 44"
"152","TF-AP2-EREBP-transcription factor 90"
"153","TF-ARF-transcription factor 1"
"154","TF-ARF-transcription factor 19"
"155","TF-ARF-transcription factor 24"
"156","TF-ARF-transcription factor 7"
"157","TF-ARR-B-transcription factor 8"
"158","TF-bHLH-transcription factor 125"
"159","TF-bHLH-transcription factor 159"
"160","TF-bHLH-transcription factor 167"
"161","TF-bHLH-transcription factor 175"
"162","TF-bHLH-transcription factor 21"
"163","TF-bHLH-transcription factor 27"
"164","TF-bHLH-transcription factor 33"
"165","TF-bHLH-transcription factor 96"
"166","TF-bZIP-transcription factor 100"
"167","TF-bZIP-transcription factor 108"
"168","TF-bZIP-transcription factor 50"
"169","TF-bZIP-transcription factor 61"
"170","TF-bZIP-transcription factor 92"
"171","TF-C2C2-CO-like-transcription factor 6"
"172","TF-C2C2-CO-like-transcription factor 9"
"173","TF-C2C2-Dof-transcription factor 20"
"174","TF-CCAAT-HAP5-transcription factor 514"
"175","TF-double B-box zinc finger protein4"
"176","TF-double B-box zinc finger protein9"
"177","TF-G2-like-transcription factor 44"
"178","TF-G2-like-transcription factor 8"
"179","TF-GRAS-transcription factor 3"
"180","TF-growth-regulating factor9"
"181","TF-histidine kinase3"
"182","TF-Homeobox-transcription factor 120"
"183","TF-Homeobox-transcription factor 124"
"184","TF-Homeobox-transcription factor 25"
"185","TF-Homeobox-transcription factor 45"
"186","TF-Homeobox-transcription factor 69"
"187","TF-HSF-transcription factor 1"
"188","TF-indeterminate domain p10"
"189","TF-mTERF-domain protein19"
"190","TF-mTERF-domain protein4"
"191","TF-MYB-related-transcription factor 111"
"192","TF-MYB-related-transcription factor 20"
"193","TF-MYB-related-transcription factor 21"
"194","TF-MYB-related-transcription factor 3"
"195","TF-MYB-related-transcription factor 69"
"196","TF-MYB-transcription factor 127"
"197","TF-MYB-transcription factor 129"
"198","TF-MYB-transcription factor 138"
"199","TF-MYB-transcription factor 163"
"200","TF-MYB-transcription factor 58"
"201","TF-MYB-transcription factor 81"
"202","TF-NAC-transcription factor 119"
"203","TF-NAC-transcription factor 130"
"204","TF-NAC-transcription factor 65"
"205","TF-NAC-transcription factor 90"
"206","TF-NAC-transcription factor 98"
"207","TF-naked endosperm1"
"208","TF-naked endosperm2"
"209","TF-no-apical-meristem-related protein1"
"210","TF-nuclear transcription factor y subunit a1"
"211","TF-outer cell layer5a"
"212","TF-OVATE-transcription factor 19"
"213","TF-OVATE-transcription factor 23"
"214","TF-OVATE-transcription factor 4"
"215","TF-protein phosphatase homolog10"
"216","TF-protein phosphatase homolog8"
"217","TF-RTCS-like1"
"218","TF-SBP-transcription factor 20"
"219","TF-SBP-transcription factor 22"
"220","TF-SBP-transcription factor 25"
"221","TF-silky1"
"222","TF-sister of indeterminate spikelet1"
"223","TF-tasselseed6"
"224","TF-teosinte glume architecture1"
"225","TF-Trihelix-transcription factor 19"
"226","TF-unbranched2"
"227","TF-WRKY-transcription factor 103"
"228","TF-WRKY-transcription factor 65"
"229","TF-Zea mays MADS16"
"230","TF-ZIM-transcription factor 2"
"231","TF-ZIM-transcription factor 21"
"232","TF-Zm00001d001894"
"233","TF-Zm00001d006319"
"234","TF-Zm00001d016604"
"235","TF-Zm00001d025275"
"236","TF-Zm00001d050583"
"237","TF-Zm00001d053178"
"238","TF-ZmOrphan192"
"239","TF-ZmOrphan212"
"240","TF-ZmOrphan219"
"241","TF-ZmOrphan225"
"242","TF-ZmOrphan226"
"243","TF-ZmOrphan245"
"244","TF-ZmOrphan265"
"245","TF-ZmOrphan276"
"246","TF-ZmOrphan277"
"247","TF-ZmOrphan284"
"248","TF-ZmOrphan289"
"249","TF-ZmOrphan311"
"250","TF-ZmOrphan66"
"251","TF-ZmOrphan7"
"252","tie-dyed2"
"253","tonoplast intrinsic protein4-Zm00001d010410"
"254","trehalose-6-phosphate synthase1"
"255","umc1103"
"256","umc17a"
"257","ZeamMp024"
"258","ZeamMp050"
"259","ZeamMp051"
"260","ZeamMp069"
"261","ZeamMp091"
"262","ZeamMp092"
"263","ZeamMp093"
"264","ZeamMp094"
"265","ZeamMp097"
"266","ZeamMp098"
"267","ZeamMp137"
"268","ZeamMp155"
"269","ZeamMp161"
"270","ZeamMp179"
"271","ZeamMr002"
"272","ZeamMr004"
"273","Zm00001d000533"
"274","Zm00001d000625"
"275","Zm00001d000671"
"276","Zm00001d000716"
"277","Zm00001d000847"
"278","Zm00001d001020"
"279","Zm00001d001023"
"280","Zm00001d001311"
"281","Zm00001d001316"
"282","Zm00001d001472"
"283","Zm00001d001479"
"284","Zm00001d001549"
"285","Zm00001d001735"
"286","Zm00001d001760"
"287","Zm00001d001811"
"288","Zm00001d001843"
"289","Zm00001d001905"
"290","Zm00001d001989"
"291","Zm00001d002004"
"292","Zm00001d002026"
"293","Zm00001d002066"
"294","Zm00001d002080"
"295","Zm00001d002089"
"296","Zm00001d002128"
"297","Zm00001d002136"
"298","Zm00001d002139"
"299","Zm00001d002174"
"300","Zm00001d002175"
"301","Zm00001d002198"
"302","Zm00001d002199"
"303","Zm00001d002260"
"304","Zm00001d002277"
"305","Zm00001d002325"
"306","Zm00001d002342"
"307","Zm00001d002357"
"308","Zm00001d002373"
"309","Zm00001d002374"
"310","Zm00001d002415"
"311","Zm00001d002416"
"312","Zm00001d002423"
"313","Zm00001d002678"
"314","Zm00001d002700"
"315","Zm00001d002708"
"316","Zm00001d002758"
"317","Zm00001d002789"
"318","Zm00001d002796"
"319","Zm00001d002825"
"320","Zm00001d002835"
"321","Zm00001d002953"
"322","Zm00001d003058"
"323","Zm00001d003086"
"324","Zm00001d003099"
"325","Zm00001d003174"
"326","Zm00001d003212"
"327","Zm00001d003275"
"328","Zm00001d003311"
"329","Zm00001d003505"
"330","Zm00001d003515"
"331","Zm00001d003600"
"332","Zm00001d003663"
"333","Zm00001d003749"
"334","Zm00001d003839"
"335","Zm00001d003846"
"336","Zm00001d003848"
"337","Zm00001d003889"
"338","Zm00001d004055"
"339","Zm00001d004413"
"340","Zm00001d004547"
"341","Zm00001d004564"
"342","Zm00001d004649"
"343","Zm00001d004983"
"344","Zm00001d005008"
"345","Zm00001d005190"
"346","Zm00001d005252"
"347","Zm00001d005437"
"348","Zm00001d005495"
"349","Zm00001d005849"
"350","Zm00001d005934"
"351","Zm00001d005989"
"352","Zm00001d006010"
"353","Zm00001d006029"
"354","Zm00001d006254"
"355","Zm00001d006332"
"356","Zm00001d006340"
"357","Zm00001d006374"
"358","Zm00001d006466"
"359","Zm00001d006476"
"360","Zm00001d006494"
"361","Zm00001d006505"
"362","Zm00001d006527"
"363","Zm00001d006608"
"364","Zm00001d006810"
"365","Zm00001d006917"
"366","Zm00001d006950"
"367","Zm00001d007012"
"368","Zm00001d007029"
"369","Zm00001d007045"
"370","Zm00001d007391"
"371","Zm00001d007772"
"372","Zm00001d007774"
"373","Zm00001d007831"
"374","Zm00001d007885"
"375","Zm00001d007899"
"376","Zm00001d008092"
"377","Zm00001d008237"
"378","Zm00001d008271"
"379","Zm00001d008281"
"380","Zm00001d008305"
"381","Zm00001d008514"
"382","Zm00001d008517"
"383","Zm00001d008549"
"384","Zm00001d008570"
"385","Zm00001d008582"
"386","Zm00001d008610"
"387","Zm00001d008620"
"388","Zm00001d008624"
"389","Zm00001d008625"
"390","Zm00001d008693"
"391","Zm00001d008724"
"392","Zm00001d008850"
"393","Zm00001d008933"
"394","Zm00001d008940"
"395","Zm00001d008954"
"396","Zm00001d008974"
"397","Zm00001d009028"
"398","Zm00001d009060"
"399","Zm00001d009075"
"400","Zm00001d009081"
"401","Zm00001d009210"
"402","Zm00001d009439"
"403","Zm00001d009481"
"404","Zm00001d009503"
"405","Zm00001d009556"
"406","Zm00001d009702"
"407","Zm00001d009827"
"408","Zm00001d009907"
"409","Zm00001d009940"
"410","Zm00001d010031"
"411","Zm00001d010062"
"412","Zm00001d010170"
"413","Zm00001d010211"
"414","Zm00001d010314"
"415","Zm00001d010452"
"416","Zm00001d010496"
"417","Zm00001d010620"
"418","Zm00001d010635"
"419","Zm00001d010649"
"420","Zm00001d010670"
"421","Zm00001d010693"
"422","Zm00001d010825"
"423","Zm00001d011050"
"424","Zm00001d011072"
"425","Zm00001d011101"
"426","Zm00001d011193"
"427","Zm00001d011311"
"428","Zm00001d011598"
"429","Zm00001d011602"
"430","Zm00001d011661"
"431","Zm00001d011753"
"432","Zm00001d011846"
"433","Zm00001d011921"
"434","Zm00001d011993"
"435","Zm00001d012029"
"436","Zm00001d012081"
"437","Zm00001d012159"
"438","Zm00001d012178"
"439","Zm00001d012224"
"440","Zm00001d012231"
"441","Zm00001d012258"
"442","Zm00001d012306"
"443","Zm00001d012333"
"444","Zm00001d012378"
"445","Zm00001d012447"
"446","Zm00001d012452"
"447","Zm00001d012457"
"448","Zm00001d012500"
"449","Zm00001d012563"
"450","Zm00001d012569"
"451","Zm00001d012590"
"452","Zm00001d012614"
"453","Zm00001d012653"
"454","Zm00001d012663"
"455","Zm00001d012718"
"456","Zm00001d012771"
"457","Zm00001d012847"
"458","Zm00001d013033"
"459","Zm00001d013105"
"460","Zm00001d013386"
"461","Zm00001d013390"
"462","Zm00001d013492"
"463","Zm00001d013507"
"464","Zm00001d013554"
"465","Zm00001d013583"
"466","Zm00001d013595"
"467","Zm00001d013660"
"468","Zm00001d013699"
"469","Zm00001d013798"
"470","Zm00001d013863"
"471","Zm00001d013873"
"472","Zm00001d013908"
"473","Zm00001d013958"
"474","Zm00001d013997"
"475","Zm00001d014084"
"476","Zm00001d014098"
"477","Zm00001d014241"
"478","Zm00001d014291"
"479","Zm00001d014325"
"480","Zm00001d014360"
"481","Zm00001d014386"
"482","Zm00001d014482"
"483","Zm00001d014499"
"484","Zm00001d014513"
"485","Zm00001d014520"
"486","Zm00001d014521"
"487","Zm00001d014553"
"488","Zm00001d014611"
"489","Zm00001d014623"
"490","Zm00001d014625"
"491","Zm00001d014648"
"492","Zm00001d014888"
"493","Zm00001d014899"
"494","Zm00001d014949"
"495","Zm00001d015067"
"496","Zm00001d015115"
"497","Zm00001d015129"
"498","Zm00001d015183"
"499","Zm00001d015205"
"500","Zm00001d015221"
"501","Zm00001d015581"
"502","Zm00001d015866"
"503","Zm00001d015992"
"504","Zm00001d016040"
"505","Zm00001d016041"
"506","Zm00001d016066"
"507","Zm00001d016085"
"508","Zm00001d016105"
"509","Zm00001d016135"
"510","Zm00001d016157"
"511","Zm00001d016230"
"512","Zm00001d016364"
"513","Zm00001d016439"
"514","Zm00001d016505"
"515","Zm00001d016557"
"516","Zm00001d016567"
"517","Zm00001d016568"
"518","Zm00001d016599"
"519","Zm00001d016648"
"520","Zm00001d016683"
"521","Zm00001d016696"
"522","Zm00001d016733"
"523","Zm00001d016740"
"524","Zm00001d016743"
"525","Zm00001d016745"
"526","Zm00001d016826"
"527","Zm00001d016844"
"528","Zm00001d016895"
"529","Zm00001d016926"
"530","Zm00001d016934"
"531","Zm00001d017125"
"532","Zm00001d017168"
"533","Zm00001d017178"
"534","Zm00001d017181"
"535","Zm00001d017187"
"536","Zm00001d017203"
"537","Zm00001d017204"
"538","Zm00001d017206"
"539","Zm00001d017240"
"540","Zm00001d017275"
"541","Zm00001d017347"
"542","Zm00001d017357"
"543","Zm00001d017441"
"544","Zm00001d017474"
"545","Zm00001d017514"
"546","Zm00001d017573"
"547","Zm00001d017717"
"548","Zm00001d017817"
"549","Zm00001d017820"
"550","Zm00001d017853"
"551","Zm00001d017878"
"552","Zm00001d017899"
"553","Zm00001d017955"
"554","Zm00001d017982"
"555","Zm00001d018016"
"556","Zm00001d018077"
"557","Zm00001d018089"
"558","Zm00001d018093"
"559","Zm00001d018123"
"560","Zm00001d018193"
"561","Zm00001d018229"
"562","Zm00001d018284"
"563","Zm00001d018334"
"564","Zm00001d018356"
"565","Zm00001d018358"
"566","Zm00001d018374"
"567","Zm00001d018412"
"568","Zm00001d018428"
"569","Zm00001d018499"
"570","Zm00001d018560"
"571","Zm00001d018562"
"572","Zm00001d018713"
"573","Zm00001d018725"
"574","Zm00001d018752"
"575","Zm00001d018771"
"576","Zm00001d018803"
"577","Zm00001d018838"
"578","Zm00001d018895"
"579","Zm00001d018901"
"580","Zm00001d019078"
"581","Zm00001d019145"
"582","Zm00001d019184"
"583","Zm00001d019228"
"584","Zm00001d019243"
"585","Zm00001d019349"
"586","Zm00001d019446"
"587","Zm00001d019463"
"588","Zm00001d019593"
"589","Zm00001d019597"
"590","Zm00001d019670"
"591","Zm00001d019898"
"592","Zm00001d019980"
"593","Zm00001d020013"
"594","Zm00001d020170"
"595","Zm00001d020175"
"596","Zm00001d020257"
"597","Zm00001d020343"
"598","Zm00001d020345"
"599","Zm00001d020348"
"600","Zm00001d020445"
"601","Zm00001d020560"
"602","Zm00001d020602"
"603","Zm00001d020685"
"604","Zm00001d020691"
"605","Zm00001d020707"
"606","Zm00001d020736"
"607","Zm00001d020752"
"608","Zm00001d020755"
"609","Zm00001d020910"
"610","Zm00001d020969"
"611","Zm00001d021058"
"612","Zm00001d021062"
"613","Zm00001d021173"
"614","Zm00001d021216"
"615","Zm00001d021231"
"616","Zm00001d021289"
"617","Zm00001d021506"
"618","Zm00001d021515"
"619","Zm00001d021595"
"620","Zm00001d021611"
"621","Zm00001d021629"
"622","Zm00001d021653"
"623","Zm00001d021667"
"624","Zm00001d021684"
"625","Zm00001d021822"
"626","Zm00001d021938"
"627","Zm00001d021952"
"628","Zm00001d022077"
"629","Zm00001d022081"
"630","Zm00001d022104"
"631","Zm00001d022125"
"632","Zm00001d022302"
"633","Zm00001d022334"
"634","Zm00001d022380"
"635","Zm00001d022430"
"636","Zm00001d022449"
"637","Zm00001d022602"
"638","Zm00001d022636"
"639","Zm00001d022715"
"640","Zm00001d022725"
"641","Zm00001d023243"
"642","Zm00001d023269"
"643","Zm00001d023301"
"644","Zm00001d023309"
"645","Zm00001d023311"
"646","Zm00001d023372"
"647","Zm00001d023387"
"648","Zm00001d023450"
"649","Zm00001d023802"
"650","Zm00001d023833"
"651","Zm00001d023888"
"652","Zm00001d023950"
"653","Zm00001d024071"
"654","Zm00001d024243"
"655","Zm00001d024574"
"656","Zm00001d024605"
"657","Zm00001d024765"
"658","Zm00001d024832"
"659","Zm00001d024937"
"660","Zm00001d024959"
"661","Zm00001d025361"
"662","Zm00001d025445"
"663","Zm00001d025590"
"664","Zm00001d025847"
"665","Zm00001d025893"
"666","Zm00001d025932"
"667","Zm00001d025955"
"668","Zm00001d026053"
"669","Zm00001d026097"
"670","Zm00001d026180"
"671","Zm00001d026223"
"672","Zm00001d026244"
"673","Zm00001d026282"
"674","Zm00001d026329"
"675","Zm00001d026383"
"676","Zm00001d026415"
"677","Zm00001d026439"
"678","Zm00001d026500"
"679","Zm00001d026625"
"680","Zm00001d026638"
"681","Zm00001d026664"
"682","Zm00001d026742"
"683","Zm00001d026786"
"684","Zm00001d026854"
"685","Zm00001d026915"
"686","Zm00001d027008"
"687","Zm00001d027120"
"688","Zm00001d027188"
"689","Zm00001d027310"
"690","Zm00001d027440"
"691","Zm00001d027558"
"692","Zm00001d027581"
"693","Zm00001d027624"
"694","Zm00001d027742"
"695","Zm00001d027749"
"696","Zm00001d027816"
"697","Zm00001d027850"
"698","Zm00001d027877"
"699","Zm00001d027894"
"700","Zm00001d028002"
"701","Zm00001d028012"
"702","Zm00001d028089"
"703","Zm00001d028111"
"704","Zm00001d028171"
"705","Zm00001d028182"
"706","Zm00001d028199"
"707","Zm00001d028230"
"708","Zm00001d028231"
"709","Zm00001d028249"
"710","Zm00001d028366"
"711","Zm00001d028368"
"712","Zm00001d028392"
"713","Zm00001d028398"
"714","Zm00001d028405"
"715","Zm00001d028414"
"716","Zm00001d028428"
"717","Zm00001d028474"
"718","Zm00001d028475"
"719","Zm00001d028547"
"720","Zm00001d028548"
"721","Zm00001d028565"
"722","Zm00001d028596"
"723","Zm00001d028601"
"724","Zm00001d028630"
"725","Zm00001d028671"
"726","Zm00001d028770"
"727","Zm00001d028867"
"728","Zm00001d028972"
"729","Zm00001d029039"
"730","Zm00001d029107"
"731","Zm00001d029208"
"732","Zm00001d029233"
"733","Zm00001d029234"
"734","Zm00001d029325"
"735","Zm00001d029333"
"736","Zm00001d029420"
"737","Zm00001d029613"
"738","Zm00001d029626"
"739","Zm00001d029747"
"740","Zm00001d029842"
"741","Zm00001d029861"
"742","Zm00001d029879"
"743","Zm00001d029937"
"744","Zm00001d029950"
"745","Zm00001d030086"
"746","Zm00001d030127"
"747","Zm00001d030214"
"748","Zm00001d030516"
"749","Zm00001d030550"
"750","Zm00001d030601"
"751","Zm00001d030795"
"752","Zm00001d030843"
"753","Zm00001d031026"
"754","Zm00001d031060"
"755","Zm00001d031203"
"756","Zm00001d031292"
"757","Zm00001d031447"
"758","Zm00001d031484"
"759","Zm00001d031639"
"760","Zm00001d031696"
"761","Zm00001d031952"
"762","Zm00001d032057"
"763","Zm00001d032072"
"764","Zm00001d032146"
"765","Zm00001d032172"
"766","Zm00001d032223"
"767","Zm00001d032224"
"768","Zm00001d032225"
"769","Zm00001d032307"
"770","Zm00001d032321"
"771","Zm00001d032322"
"772","Zm00001d032333"
"773","Zm00001d032363"
"774","Zm00001d032419"
"775","Zm00001d032420"
"776","Zm00001d032457"
"777","Zm00001d032471"
"778","Zm00001d032476"
"779","Zm00001d032480"
"780","Zm00001d032501"
"781","Zm00001d032535"
"782","Zm00001d032572"
"783","Zm00001d032719"
"784","Zm00001d032744"
"785","Zm00001d032831"
"786","Zm00001d032857"
"787","Zm00001d033061"
"788","Zm00001d033225"
"789","Zm00001d033296"
"790","Zm00001d033315"
"791","Zm00001d033316"
"792","Zm00001d033405"
"793","Zm00001d033469"
"794","Zm00001d033490"
"795","Zm00001d033543"
"796","Zm00001d033555"
"797","Zm00001d033591"
"798","Zm00001d033794"
"799","Zm00001d033823"
"800","Zm00001d033853"
"801","Zm00001d033874"
"802","Zm00001d033917"
"803","Zm00001d033924"
"804","Zm00001d034017"
"805","Zm00001d034115"
"806","Zm00001d034194"
"807","Zm00001d034249"
"808","Zm00001d034252"
"809","Zm00001d034380"
"810","Zm00001d034523"
"811","Zm00001d034564"
"812","Zm00001d034604"
"813","Zm00001d034620"
"814","Zm00001d034705"
"815","Zm00001d034739"
"816","Zm00001d034781"
"817","Zm00001d034916"
"818","Zm00001d034990"
"819","Zm00001d034995"
"820","Zm00001d035092"
"821","Zm00001d035169"
"822","Zm00001d035171"
"823","Zm00001d035462"
"824","Zm00001d035553"
"825","Zm00001d035568"
"826","Zm00001d035597"
"827","Zm00001d035610"
"828","Zm00001d035659"
"829","Zm00001d035664"
"830","Zm00001d035829"
"831","Zm00001d035937"
"832","Zm00001d036125"
"833","Zm00001d036241"
"834","Zm00001d036550"
"835","Zm00001d036557"
"836","Zm00001d036608"
"837","Zm00001d036740"
"838","Zm00001d036750"
"839","Zm00001d036775"
"840","Zm00001d036777"
"841","Zm00001d036780"
"842","Zm00001d036879"
"843","Zm00001d036965"
"844","Zm00001d036989"
"845","Zm00001d037018"
"846","Zm00001d037060"
"847","Zm00001d037080"
"848","Zm00001d037173"
"849","Zm00001d037270"
"850","Zm00001d037307"
"851","Zm00001d037318"
"852","Zm00001d037332"
"853","Zm00001d037333"
"854","Zm00001d037342"
"855","Zm00001d037453"
"856","Zm00001d037542"
"857","Zm00001d037544"
"858","Zm00001d037684"
"859","Zm00001d037725"
"860","Zm00001d037756"
"861","Zm00001d037759"
"862","Zm00001d037909"
"863","Zm00001d038004"
"864","Zm00001d038039"
"865","Zm00001d038047"
"866","Zm00001d038196"
"867","Zm00001d038211"
"868","Zm00001d038229"
"869","Zm00001d038240"
"870","Zm00001d038263"
"871","Zm00001d038312"
"872","Zm00001d038377"
"873","Zm00001d038517"
"874","Zm00001d038532"
"875","Zm00001d038539"
"876","Zm00001d038581"
"877","Zm00001d038626"
"878","Zm00001d038745"
"879","Zm00001d038765"
"880","Zm00001d038791"
"881","Zm00001d038794"
"882","Zm00001d038814"
"883","Zm00001d038891"
"884","Zm00001d039001"
"885","Zm00001d039010"
"886","Zm00001d039066"
"887","Zm00001d039099"
"888","Zm00001d039251"
"889","Zm00001d039280"
"890","Zm00001d039283"
"891","Zm00001d039377"
"892","Zm00001d039379"
"893","Zm00001d039406"
"894","Zm00001d039492"
"895","Zm00001d039533"
"896","Zm00001d039606"
"897","Zm00001d039669"
"898","Zm00001d039842"
"899","Zm00001d039941"
"900","Zm00001d039942"
"901","Zm00001d039974"
"902","Zm00001d039975"
"903","Zm00001d040029"
"904","Zm00001d040040"
"905","Zm00001d040066"
"906","Zm00001d040071"
"907","Zm00001d040197"
"908","Zm00001d040361"
"909","Zm00001d040399"
"910","Zm00001d040463"
"911","Zm00001d040466"
"912","Zm00001d040540"
"913","Zm00001d040613"
"914","Zm00001d040697"
"915","Zm00001d040730"
"916","Zm00001d040784"
"917","Zm00001d040818"
"918","Zm00001d041004"
"919","Zm00001d041112"
"920","Zm00001d041119"
"921","Zm00001d041382"
"922","Zm00001d041515"
"923","Zm00001d041588"
"924","Zm00001d041594"
"925","Zm00001d041634"
"926","Zm00001d041726"
"927","Zm00001d041782"
"928","Zm00001d041792"
"929","Zm00001d041880"
"930","Zm00001d042011"
"931","Zm00001d042050"
"932","Zm00001d042057"
"933","Zm00001d042114"
"934","Zm00001d042225"
"935","Zm00001d042244"
"936","Zm00001d042268"
"937","Zm00001d042289"
"938","Zm00001d042500"
"939","Zm00001d042506"
"940","Zm00001d042534"
"941","Zm00001d042549"
"942","Zm00001d042554"
"943","Zm00001d042603"
"944","Zm00001d042627"
"945","Zm00001d042634"
"946","Zm00001d042653"
"947","Zm00001d042837"
"948","Zm00001d042899"
"949","Zm00001d042972"
"950","Zm00001d042975"
"951","Zm00001d042996"
"952","Zm00001d043050"
"953","Zm00001d043059"
"954","Zm00001d043087"
"955","Zm00001d043156"
"956","Zm00001d043196"
"957","Zm00001d043234"
"958","Zm00001d043238"
"959","Zm00001d043327"
"960","Zm00001d043350"
"961","Zm00001d043405"
"962","Zm00001d043455"
"963","Zm00001d043503"
"964","Zm00001d043509"
"965","Zm00001d043564"
"966","Zm00001d043615"
"967","Zm00001d043661"
"968","Zm00001d043662"
"969","Zm00001d043735"
"970","Zm00001d043800"
"971","Zm00001d043864"
"972","Zm00001d043890"
"973","Zm00001d043923"
"974","Zm00001d043943"
"975","Zm00001d043959"
"976","Zm00001d043989"
"977","Zm00001d043998"
"978","Zm00001d044017"
"979","Zm00001d044018"
"980","Zm00001d044056"
"981","Zm00001d044079"
"982","Zm00001d044093"
"983","Zm00001d044103"
"984","Zm00001d044156"
"985","Zm00001d044181"
"986","Zm00001d044184"
"987","Zm00001d044208"
"988","Zm00001d044224"
"989","Zm00001d044312"
"990","Zm00001d044332"
"991","Zm00001d044395"
"992","Zm00001d044584"
"993","Zm00001d044748"
"994","Zm00001d044813"
"995","Zm00001d044874"
"996","Zm00001d044947"
"997","Zm00001d045025"
"998","Zm00001d045027"
"999","Zm00001d045036"
"1000","Zm00001d045064"
"1001","Zm00001d045070"
"1002","Zm00001d045071"
"1003","Zm00001d045085"
"1004","Zm00001d045123"
"1005","Zm00001d045136"
"1006","Zm00001d045191"
"1007","Zm00001d045202"
"1008","Zm00001d045298"
"1009","Zm00001d045334"
"1010","Zm00001d045390"
"1011","Zm00001d045391"
"1012","Zm00001d045392"
"1013","Zm00001d045468"
"1014","Zm00001d045491"
"1015","Zm00001d045544"
"1016","Zm00001d045550"
"1017","Zm00001d045567"
"1018","Zm00001d045570"
"1019","Zm00001d045574"
"1020","Zm00001d045575"
"1021","Zm00001d045577"
"1022","Zm00001d045739"
"1023","Zm00001d045763"
"1024","Zm00001d046055"
"1025","Zm00001d046168"
"1026","Zm00001d046236"
"1027","Zm00001d046261"
"1028","Zm00001d046330"
"1029","Zm00001d046383"
"1030","Zm00001d046539"
"1031","Zm00001d046649"
"1032","Zm00001d046655"
"1033","Zm00001d046667"
"1034","Zm00001d046711"
"1035","Zm00001d046723"
"1036","Zm00001d046891"
"1037","Zm00001d046978"
"1038","Zm00001d047050"
"1039","Zm00001d047109"
"1040","Zm00001d047125"
"1041","Zm00001d047130"
"1042","Zm00001d047240"
"1043","Zm00001d047293"
"1044","Zm00001d047373"
"1045","Zm00001d047423"
"1046","Zm00001d047462"
"1047","Zm00001d047680"
"1048","Zm00001d047750"
"1049","Zm00001d047753"
"1050","Zm00001d047764"
"1051","Zm00001d047814"
"1052","Zm00001d047828"
"1053","Zm00001d047853"
"1054","Zm00001d047970"
"1055","Zm00001d048019"
"1056","Zm00001d048027"
"1057","Zm00001d048065"
"1058","Zm00001d048066"
"1059","Zm00001d048085"
"1060","Zm00001d048198"
"1061","Zm00001d048220"
"1062","Zm00001d048307"
"1063","Zm00001d048479"
"1064","Zm00001d048520"
"1065","Zm00001d048522"
"1066","Zm00001d048532"
"1067","Zm00001d048628"
"1068","Zm00001d048731"
"1069","Zm00001d048802"
"1070","Zm00001d048945"
"1071","Zm00001d049008"
"1072","Zm00001d049081"
"1073","Zm00001d049107"
"1074","Zm00001d049276"
"1075","Zm00001d049375"
"1076","Zm00001d049588"
"1077","Zm00001d049742"
"1078","Zm00001d049769"
"1079","Zm00001d049975"
"1080","Zm00001d050155"
"1081","Zm00001d050339"
"1082","Zm00001d050383"
"1083","Zm00001d050521"
"1084","Zm00001d050544"
"1085","Zm00001d050985"
"1086","Zm00001d051062"
"1087","Zm00001d051130"
"1088","Zm00001d051139"
"1089","Zm00001d051180"
"1090","Zm00001d051238"
"1091","Zm00001d051288"
"1092","Zm00001d051343"
"1093","Zm00001d051367"
"1094","Zm00001d051383"
"1095","Zm00001d051399"
"1096","Zm00001d051561"
"1097","Zm00001d051598"
"1098","Zm00001d051635"
"1099","Zm00001d051642"
"1100","Zm00001d051756"
"1101","Zm00001d051977"
"1102","Zm00001d052184"
"1103","Zm00001d052206"
"1104","Zm00001d052264"
"1105","Zm00001d052624"
"1106","Zm00001d052713"
"1107","Zm00001d052748"
"1108","Zm00001d052799"
"1109","Zm00001d052809"
"1110","Zm00001d052810"
"1111","Zm00001d052853"
"1112","Zm00001d052859"
"1113","Zm00001d052889"
"1114","Zm00001d052939"
"1115","Zm00001d053055"
"1116","Zm00001d053102"
"1117","Zm00001d053438"
"1118","Zm00001d053518"
"1119","Zm00001d053585"
"1120","Zm00001d053659"
"1121","Zm00001d053672"
"1122","Zm00001d053798"
"1123","Zm00001d053953"
"1124","Zm00001d054066"
"1125","Zm00001d054085"
"1126","Zm00001d054093"
